﻿<?xml version="1.0" encoding="utf-8" ?>
<optumloggingfields>
 <optumloggingfield>
  <urlRoute>
    appointments/GetAppointments
  </urlRoute>
  <protectedfied>firstname,middlename,lastname,Addressline1,Addressline2,City,State,Zip5,Zip4,PrimaryPhone,AlternatePhone</protectedfied>
</optumloggingfield>
 <optumloggingfield>
  <urlRoute >appointments/GetAppointmentDetailsl</urlRoute>
    <protectedfied>firstname,middlename,lastname,Addressline1,Addressline2,City,State,Zip5,Zip4,PrimaryPhone,AlternatePhone </protectedfied>
  </optumloggingfield>
  <optumloggingfield>
    <urlRoute >appointments/getappointmentsview</urlRoute>
    <protectedfied></protectedfied>
  </optumloggingfield>
  <optumloggingfield>
    <urlRoute >supplies/GetProviderSupply</urlRoute>
    <protectedfied> </protectedfied>
  </optumloggingfield>
  <optumloggingfield>
    <urlRoute >task/AddTask</urlRoute>
    <protectedfied>TaskName,TaskDescription</protectedfied>
  </optumloggingfield>
  <optumloggingfield>
    <urlRoute >task/GetTasks</urlRoute>
    <protectedfied>TaskName,TaskDescription </protectedfied>
  </optumloggingfield>
  <optumloggingfield>
    <urlRoute >task/GetTasksDetails</urlRoute>
    <protectedfied>TaskName,TaskDescription </protectedfied>
  </optumloggingfield>
  <optumloggingfield>
    <urlRoute >task/GetTasksDetails</urlRoute>
    <protectedfied>TaskName,TaskDescription </protectedfied>
  </optumloggingfield>
</optumloggingfields>
